row_id,target
0-4,0.0013352889106350075
0-32,0.0014622796267651271
0-34,0.0014622796267651271
