row_id,target
0-4,0.0044261057103401735
0-32,0.0029449957072652613
0-34,0.0029449957072652613
