row_id,target
0-4,0.0009301792103136477
0-32,0.0007761490113944
0-34,0.0007761490113944
